legal,website
1StopMove,1stopmove.com
1StopMove,change-mypostusaddress.net
1StopMove,change-mypostusaddress.website
1StopMove,change-of-us-address.online
1StopMove,change-postaladdress.com
1StopMove,change-usaddress.com
1StopMove,changemypostaladdress.com
1StopMove,changeofpostal-address.online
1StopMove,changeto-myusaddress.net
1StopMove,changetopostaladdress-us.online
1StopMove,changeusapostal-address.online
1StopMove,easy-addresschange.com
1StopMove,fastaddresschange.com
1StopMove,unitedforwardmail.com
1StopMove,us-changeaddress.online
1StopMove,us-changetopostaladdress.online
1StopMove,uschangepostal-address.com
AddressChangeLLC,change-of-address-online.com
AddressChangeLLC,us-mailing-change-of-address.com
HAS Concepts,changeouraddress.com
HAS Concepts,changethemailingaddress.com
HAS Concepts,changethepostaladdress.com
CMA,addresschange-move.com
CMA,changeaddress-mail.com
CMA,changeaddress-move.com
CMA,changeusaaddress.com
CMA,mail-addresschange.com
CMA,mail-changeaddress.com
CMA,moverchangehub.com
CMA,MoversChangeHub.com
CMA,newmovecentral.com
CMA,post-mailchanges.com
CMA,postaddress-changes.com
Cyclops,changeaddress.us
Cyclops,expressaddresschange.us
Cyclops,rapidaddresschange.com
Cyclops,statesaddresschange.com
Cyclops,tatesaddresschange.com
Cyclops,xpressaddresschange.com
Flat Irons,addresschange.online
Flat Irons,addresschangeapplication.com
Flat Irons,addressgenie.addresschange.services
Flat Irons,addressgenie.co
Flat Irons,addressgenie.services
Flat Irons,addressgenie5.addresschange.online
Flat Irons,addresswizard.co
Flat Irons,changeusaaddress.co
Flat Irons,changeyouraddress.online
Flat Irons,easyaddressupdate.com
Flat Irons,mailaddresschange.com
Flat Irons,mailaddresssupdate.com
Flat Irons,onlinepostalhelp.com
Flat Irons,postaladdresschange.net
Flat Irons,postalchangeofaddress.online
Flat Irons,uspsaddressgenie.com
Kaiser Marketing,changemyaddresstoday.com
Kaiser Marketing,changeyouraddressonline.com
Kaiser Marketing,instantaddresschange.com
Kaiser Marketing,movehelponlinetoday.com
Kaiser Marketing,moverschangeofaddress.com
Kaiser Marketing,new-movers-address.com
Kaiser Marketing,newaddresschange.com
Kaiser Marketing,oldaddresschange.com
Kaiser Marketing,online-address-change.com
Kaiser Marketing,postaladdresschangeservices.org
Urgent Address Change,change-address-now.com
Urgent Address Change,change-address-today.com
Urgent Address Change,change-our-address-now.com
Urgent Address Change,change-your-address.com
Urgent Address Change,mailchangeofaddress.com
Urgent Address Change,urgentaddresschange.com
Warming Up,businessmailbox.company
Warming Up,mailcopyandmore.com
Warming Up,moniver.com
Warming Up,postalmailsolutions.com
Warming Up,safeaddresschange.com
Warming Up,updating-address.com
NEG-DNC,answers.guide
NEG-DNC,answersonly.com
NEG-DNC,berwyngroup.com
NEG-DNC,homeandgardenideas.com
NEG-DNC,melissa.com
NEG-DNC,pdffiller.com
NEG-DNC,publicrecordsofficial.com
NEG-DNC,reference.com
NEG-DNC,simpli.com
NEG-DNC,smartmove.us
NEG-DNC,vote411.org
NEG-LZ,getgovforms.com
NEG-LZ,tecmailing.com
NEG-LZ,tips.today
GovAssist,addy.us
Address Change Easy,addresschange-easy.com
Address Change Easy,addresschangeeasy.com
Address Change Easy,addresschangeforward.com
Address Change Easy,addresschangemagic.com
USPS,moversguide.usps.com
USPS,redirectmyaddress.org
USPS,ups.com
USPS,uspostaltest.com
USPS,usps.com
Postal Changes,mymovinguide.com
Postal Changes,postalchanges.com
KALI GROUP LP,usa2me.com
Addressupdate,quick-addressupdate.com
Addressupdate,simpleaddressupdate.com
USAaddresschange,addresschange-usa.com
USAaddresschange,usaaddresschange.com
changeaddressonline,changeaddressonline.com
MovingMadeSimple,mail-addressupdate.com
MovingMadeSimple,updatemailingaddress.com
US Mail Address Change,usaddress-update.com
standardmailforward,standardmailforward.com
unitedaddresschange,addresschangeunited.org
unitedaddresschange,unitedaddresschange.org
Lab Testing API,advanceer.com
Lab Testing API,anylabtestnow.com
Lab Testing API,anylabtestpalmbeach.com
Lab Testing API,callondoc.com
Lab Testing API,cdc.gov
Lab Testing API,dnaweekly.com
Lab Testing API,everlywell.com
Lab Testing API,healthlabs.com
Lab Testing API,healthtestingcenter.com
Lab Testing API,healthtestingcenters.com
Lab Testing API,healthtestingsolutions.com
Lab Testing API,jasonhealth.com
Lab Testing API,kindclinic.org
Lab Testing API,letsgetchecked.com
Lab Testing API,methodisthealthsystem.org
Lab Testing API,onlinestdcheckup.com
Lab Testing API,optimallabtest.com
Lab Testing API,plannedparenthood.org
Lab Testing API,prioritystdtesting.com
Lab Testing API,questdiagnostics.com
Lab Testing API,rapidcovidclinic.com
Lab Testing API,samedaystdtesting.com
Lab Testing API,stdcheck.com
Lab Testing API,stdtestdirect.com
Lab Testing API,stdtestingfacilities.com
Lab Testing API,stdwatch.com
Lab Testing API,sthopefoundation.com
Lab Testing API,top10.com
Other Idiot,statuspnr.in
postalexam.org,postalexam.com
postalexam.org,postalexam.org
postofficehiring.com,postofficehiring.com
pictamail.com,pictamail.com
stdgone.com,stdgone.com
