Brand,Brand Code,Notes,Surcharge
Access,XBP,,17
Accuair,,,17
ACL,ACH,,17
Addictive Desert Designs,,,17
Advan,,,17
AEM,AE1,,17
AEM Induction,AE1,,17
Aeromotive,,,17
aFe,A5F,,17
Agency Power,AYP,,17
Air Lift,AIR,,17
AIRAID,XC0,,17
AirDog,,,17
Akrapovic,7AY,,17
Alta,,,17
AMP Research,ARH,,17
Anderson Composites,ANX,,17
ANZO,ANO,,17
AP Racing,,,17
APR Performance,,,17
Area1320,,,17
ARP,,,17
ATI,,,17
ATP Turbo,,,17
ATS Diesel,,,17
Auto-Tech Interiors,,,17
Auto Meter,,,17
AVO Turboworld,,,17
AVS,,,17
AWE Tuning,,,17
B&M,,,17
Banks Power,B1T,,17
BBK,XCV,,17
BBS,,,17
BC Racing Suspension,,,17
BD Diesel,BDD,,17
Belltech,,,17
BILSTEIN,BIL,,17
Blox Racing,,,17
BMR Suspension,BMS,,17
BorgWarner,,,17
Borla,,,17
Bosch,BOS,,17
Brian Crower,,,17
Bully Dog,9ER,,17
Bushwacker,BWK,,17
Carrillo,,,17
Clevite,CEU,,17
Clutch Masters,,,17
Cobb,,,17
Cometic,7EI,,17
COMP Cams,XEO,,17
Competition Clutch,,,17
CORSA Performance,C1F,,17
Cosmis,,,17
CP Pistons,,,17
Crower,XFL,,17
Cryo-Stop,,,17
CSF,CSC,,17
CTEK,,,17
CUSCO,,,17
DBA,,,17
DDP,,,17
Deatschwerks,,,17
Defi,,,17
DEI,,,17
DiabloSport,DOS,,17
Diamond Eye Performance,D31,,17
Dinan,DNA,,17
Diode Dynamics,DID,,17
DKM Clutch,,,17
Driveshaft Shop,,,17
Eagle,,,17
Eat Sleep Race,,,17
EBC,XHG,,17
Edelbrock,EDB,,17
Edge,EP5,,17
EGR,XH3,,17
Eibach,EIH,,17
Energy Suspension,XGZ,,17
Enkei,,,17
ETS,,,17
Exedy,6DW,,17
Exergy,,,17
FASS Fuel Systems,,,17
FAST,XI6,,17
Fidanza,FID,,17
fifteen52,,,17
Firestone,FTR,,17
Fleece Performance,FPR,,17
Flowmaster,FLO,,17
Fluidampr,XI3,,17
Ford Power Stroke,,,17
Ford Racing,,,17
Fortune Auto,,,17
FOX,7IH,,17
Garrett,,,17
Gates,,,17
GFB - Go Fast Bits,GFB,,17
Goodridge,,,17
Gram Lights,,,17
GReddy,,,17
Green Filter,,,17
GrimmSpeed,,,17
GSC Power Division,,,17
H&R,HR1,,17
Hallman,,,17
Hawk,HWK,,17
Hella,HLA,,17
HKS,,,17
Hotchkis,XKG,,17
HP Tuners,,,17
Hurst Performance,HUR,,17
Husky Liners,HSK,,17
Hyper Rev Magazine,,,17
Hypertech,,,17
IAG Performance,,,17
Industrial Injection,,,17
Injector Dynamics,,,17
Injen,XKV,,17
Innovate Motorsports,,,17
Innovative Mounts,,,17
Invidia,,,17
ISC Suspension,,,17
JAMO,,,17
JE Pistons,,,17
Jet-Hot,,,17
K&N Engineering,KNN,,17
K1 Technologies,,,17
Kartboy,,,17
Killer B Motorsport,,,17
King Bearings,XLW,,17
Koni,KON,,17
Kooks Headers,K0U,,17
Koyo,,,17
Kraftwerks,,,17
KW Suspensions,,,17
KYB,KYB,,17
LUND,LUN,,17
Magnaflow,MGF,,17
Mahle,MHL,,17
Mahle OE,MHL,,17
Manley Performance,,,17
MBRP,MBR,,17
McGard,,,17
Mcleod Racing,,,17
MGP,MG2,,17
Mishimoto,6FE,,17
Mitsubishi OEM,,,17
Motul,7OT,,17
mountune,,,17
N-Fab,NFB,,17
nGauge,,,17
NGK Iridium,NGO,,17
NRG Innovations,,,17
Orbit,,,17
Orion Diesel,,,17
OS Giken,,,17
OZ Tuner,OZ1,,17
Pace Edwards,,,17
Pedders,8PS,,17
Perrin Performance,,,17
Posi Quiet,,,17
Prime Suspension,,,17
Project Kics,,,17
Project Mu,,,17
ProTEKt,,,17
Prothane,PR0,,17
QTP,QTP,,17
RaceComp,,,17
Raceseng,,,17
Race Star,,,17
Radium Engineering,RDM,,17
Rally Armor,,,17
Rampage,RMP,,17
Range Technology,,,17
Rays,,,17
RBP,RBP,,17
ReadyLift,RLT,,17
Rebel Racing Offroad,,,17
Red Line,,,17
Remark,,,17
Retrax,RTR,,17
Revel,,,17
Rigid Industries,7S6,,17
Roll-N-Lock,RL0,,17
RS-R,,,17
Rugged Off Road,ROR,,17
Russell,7TR,,17
Schrader,SAP,,17
Schroth Racing,,,17
SCT,SCE,,17
Seibon,SB1,,17
Sinister Diesel,SND,,17
Skunk2,,,17
SKYJACKER,XV9,,17
Smarty,,,17
SMY,,,17
Snow Performance,,,17
South Bend Clutch,SBC,,17
SOTA,,,17
Sparco,,,17
SPC Performance,SP5,,17
SPEC,SPQ,,17
Spectre,SPF,,17
Spyder,,,17
SSR,,,17
ST Suspensions,,,17
Stainless Works,,,17
Stampede,S6D,,17
StopTech,SOH,,17
Subaru OEM,,,17
Superchips,SCS,,17
Takeda,,,17
Tanabe,,,17
Techna-Fit,,,17
Tein,,,17
Tonno Pro,TNP,,17
Torque Solution,,,17
TOYO,,,17
TS Performance,,,17
Turbo XS,,,17
Turbosmart,,,17
Turn In Concepts,,,17
Vibrant,,,17
Victor Reinz,VRZ,,17
Volant,XXN,,17
Vorsteiner,,,17
Wagner Tuning,,,17
Walbro,,,17
Weapon R,,,17
Weathertech,RX1,,17
Westin,WTN,,17
What Monsters Do,,,17
Wheel Mate,,,17
Whiteline,WLE,,17
Wilwood,,,17
Wiseco,,,17
Yukon Gear & Axle,YNG,,17
Zex,ZEE,,17
