Part Number,Brand,Spider URL
412-41382,Brewster Wallpaper Dsign,https://www.mahoneswallpapershop.com/product/41241382-textures-techniques-finishes-412-41382
103/15063,Cole and Sons Wallpaper Design,https://www.mahoneswallpapershop.com/product/10315063-butterflies-dragonflies-cole-and-son-wallpaper
95/1008,Cole and Sons Wallpaper Design,https://www.mahoneswallpapershop.com/product/951008-cole-and-son-wallpaper-palm-wallcovering
66/7051,Cole and Sons Wallpaper Design,https://www.mahoneswallpapershop.com/product/667051-cow-parsley-cole-and-son-wallpaper
99/12051,Cole and Sons Wallpaper Design,https://www.mahoneswallpapershop.com/product/9912051-fontainebleau-cole-and-son-wallpaper
103/1004,Cole and Sons Wallpaper Design,https://www.mahoneswallpapershop.com/product/1031004-melville-cole-and-son-wallpaper
95/3016,Cole and Sons Wallpaper Design,https://www.mahoneswallpapershop.com/product/953016-hicks-hexagon-cole-and-son-wallpaper
105/9040,Cole and Sons Wallpaper Design,https://www.mahoneswallpapershop.com/product/1059040-prism-cole-and-son-wallpaper
109/9041,Cole and Sons Wallpaper Design,https://www.mahoneswallpapershop.com/product/1099041-ardmore-cameos-stone-green-cole-and-son
105/7034,Cole and Sons Wallpaper Design,https://www.mahoneswallpapershop.com/product/1057034-delano-cole-and-son-wallpaper
103/3016,Cole and Sons Wallpaper Design,https://www.mahoneswallpapershop.com/product/1033016-stars-cole-and-son-wallpaper
109/2008,Cole and Sons Wallpaper Design,https://www.mahoneswallpapershop.com/product/1092008-leopard-walk-charcoal-orange-cole-and-son
103/4019,Cole and Sons Wallpaper Design,https://www.mahoneswallpapershop.com/product/1034019-nautilus-cole-and-son-wallpaper
95/8045,Cole and Sons Wallpaper Design,https://www.mahoneswallpapershop.com/product/958045-flamingos-cole-and-son-wallpaper
100/14069,Cole and Sons Wallpaper Design,https://www.mahoneswallpapershop.com/product/10014069-hummingbirds-cole-and-son-wallpaper
108/3012,Cole and Sons Wallpaper Design,https://www.mahoneswallpapershop.com/product/1083012-petrouchka-cole-and-son-wallpaper
103/11052,Cole and Sons Wallpaper Design,https://www.mahoneswallpapershop.com/product/10311052-woods-stars-cole-and-son-wallpaper
95/10057,Cole and Sons Wallpaper Design,https://www.mahoneswallpapershop.com/product/9510057-cole-and-son-wallpaper-orchid-wallcovering
109/1006,Cole and Sons Wallpaper Design,https://www.mahoneswallpapershop.com/product/1091006-savuti-dark-petrol-multi-cole-and-son
97/10030,Cole and Sons Wallpaper Design,https://www.mahoneswallpapershop.com/product/9710030-acquario-pal-bl-mlt-cole-and-son
95/1003,Cole and Sons Wallpaper Design,https://www.mahoneswallpapershop.com/product/951003-cole-and-son-wallpaper-palm-jungle-wallcovering
69/12147,Cole and Sons Wallpaper Design,https://www.mahoneswallpapershop.com/product/6912147-cole-and-son-wallpaper-woods-wallcovering
96/1001,Cole and Sons Wallpaper Design,https://www.mahoneswallpapershop.com/product/961001-cole-and-son-wallpaper-cambridge-str-wallcovering
95/1001,Cole and Sons Wallpaper Design,https://www.mahoneswallpapershop.com/product/951001-cole-and-son-wallpaper-palm-jungle-wallcovering
W5550-07,Osborne & Little Wallpaper Design,https://www.mahoneswallpapershop.com/product/w5550-07-osborne-and-little-wallpaper-chinese-dragon-w5550-07
5219,Phillip Jeffries,https://www.mahoneswallpapershop.com/product/5219-phillip-jeffries-wallpaper
3514,Phillip Jeffries,https://www.mahoneswallpapershop.com/product/3514-phillip-jeffries-wallpaper
5260,Phillip Jeffries,https://www.mahoneswallpapershop.com/product/5260-phillip-jeffries-wallpaper
3384,Phillip Jeffries,https://www.mahoneswallpapershop.com/product/3384-phillip-jeffries-wallpaper
3552,Phillip Jeffries,https://www.mahoneswallpapershop.com/product/3552-phillip-jeffries-wallpaper
5252,Phillip Jeffries,https://www.mahoneswallpapershop.com/product/5252-phillip-jeffries-wallpaper
3569,Phillip Jeffries,https://www.mahoneswallpapershop.com/product/3569-phillip-jeffries-wallpaper
4601,Phillip Jeffries,https://www.mahoneswallpapershop.com/product/4601-phillip-jeffries-wallpaper
3386,Phillip Jeffries,https://www.mahoneswallpapershop.com/product/3386-phillip-jeffries-wallpaper
3381,Phillip Jeffries,https://www.mahoneswallpapershop.com/product/3381-phillip-jeffries-wallpaper
3372,Phillip Jeffries,https://www.mahoneswallpapershop.com/product/3372-phillip-jeffries-wallpaper
4602,Phillip Jeffries,https://www.mahoneswallpapershop.com/product/4602-phillip-jeffries-wallpaper
1616,Phillip Jeffries,https://www.mahoneswallpapershop.com/product/1616-phillip-jeffries-wallpaper
4604,Phillip Jeffries,https://www.mahoneswallpapershop.com/product/4604-phillip-jeffries-wallpaper
4809,Phillip Jeffries,https://www.mahoneswallpapershop.com/product/4809-phillip-jeffries-wallpaper
3372,Phillip Jeffries,https://www.mahoneswallpapershop.com/product/3372-phillip-jeffries-wallpaper
Lwp68045W,Ralph Lauren Wallpaper,https://www.mahoneswallpapershop.com/product/lwp68045w-marin-weave-bright-indigo-ralph-lauren
LWP65376W,Ralph Lauren Wallpaper,https://www.mahoneswallpapershop.com/product/lwp65376w-chevron-moderne-spectator-ralph-lauren
LWP65406W,Ralph Lauren Wallpaper,https://www.mahoneswallpapershop.com/product/lwp65406w-coco-de-mer-tarnished-gold-ralph-lauren
WP81547-004,Scalamandre Wallpaper,https://www.mahoneswallpapershop.com/product/wp81547-chinoise-exotique-mustard-scalamandre
WP81388M-001,Scalamandre Wallpaper,https://www.mahoneswallpapershop.com/product/wp81388m-001-scalamandre-zebras-wallpaper
WP81630-001,Scalamandre Wallpaper,https://www.mahoneswallpapershop.com/product/wp81630-001-scalamandre-baldwin-bamboo-wallpaper
WP88288-001,Scalamandre Wallpaper,https://www.mahoneswallpapershop.com/product/wp88288-001-scalamandre-pechen-des-perles-wallpaper
172852,Schumacher Fabric,https://www.mahoneswallpapershop.com/product/172852-plaisirs-de-la-chine-porcelain-schumacher
175760,Schumacher Fabric,https://www.mahoneswallpapershop.com/product/175760-citrus-garden-primary-by-schumacher-fabric
178130,Schumacher Fabric,https://www.mahoneswallpapershop.com/product/178130-tropique-blush-schumacher-fabric
73891,Schumacher Fabric,https://www.mahoneswallpapershop.com/product/73891-botanicoplatinum-schumacher
1106044,Schumacher Fabric,https://www.mahoneswallpapershop.com/product/1106044-quail-meadow-peacock-schumacher
173040,Schumacher Fabric,https://www.mahoneswallpapershop.com/product/173040-chevron-dete-coral-by-schumacher-fabric
66760,Schumacher Fabric,https://www.mahoneswallpapershop.com/product/66760-schumacher-vail-chenille-cinder-fabric
172935,Schumacher Fabric,https://www.mahoneswallpapershop.com/product/172935-lotus-garden-jade-schumacher
72440,Schumacher Fabric,https://www.mahoneswallpapershop.com/product/72440-arden-natural-schumacher
72131,Schumacher Fabric,https://www.mahoneswallpapershop.com/product/72131-fitzgerald-natural-schumacher
72151,Schumacher Fabric,https://www.mahoneswallpapershop.com/product/72151-jubilee-blue-schumacher
72121,Schumacher Fabric,https://www.mahoneswallpapershop.com/product/72121-eureka-limestone-schumacher
174232,Schumacher Fabric,https://www.mahoneswallpapershop.com/product/174232-schumacher-trellis-print-watermelon-fabric
65180,Schumacher Fabric,https://www.mahoneswallpapershop.com/product/65180-schumacher-amboise-linen-embroidery-zinc-fabric
175321,Schumacher Fabric,https://www.mahoneswallpapershop.com/product/175321-schumacher-mehndi-linen-print-indigo-fabric
174981,Schumacher Fabric,https://www.mahoneswallpapershop.com/product/174981-kiribati-ikat-print-linen-by-schumacher-fabric
66352,Schumacher Fabric,https://www.mahoneswallpapershop.com/product/66352-schumacher-tali-weave-indigo-fabric
2704420,Schumacher Wallpaper,https://www.mahoneswallpapershop.com/product/2704420-schumacher-wallpaper-birds-and-butterflies
5007010,Schumacher Wallpaper,https://www.mahoneswallpapershop.com/product/5007010-schumacher-wallpaper-iconic-leopard
5006071,Schumacher Wallpaper,https://www.mahoneswallpapershop.com/product/5006071-schumacher-wallpaper-feather-bloom
5008542,Schumacher Wallpaper,https://www.mahoneswallpapershop.com/product/5008542-madame-de-pompadour-blush-schumacher-wallpaper
5009191,Schumacher Wallpaper,https://www.mahoneswallpapershop.com/product/5009191-fernarium-black-leaf-schumacher-wallpaper
5009190,Schumacher Wallpaper,https://www.mahoneswallpapershop.com/product/5009190-fernarium-ivory-leaf-schumacher-wallpaper
2703960,Schumacher Wallpaper,https://www.mahoneswallpapershop.com/product/2703960-schumacher-wallpaper-horses
5008262,Schumacher Wallpaper,https://www.mahoneswallpapershop.com/product/5008262-uccello-sisal-schumacher-wallpaper
5008273,Schumacher Wallpaper,https://www.mahoneswallpapershop.com/product/5008273-ovington-sisal-schumacher-wallpaper
5006931,Schumacher Wallpaper,https://www.mahoneswallpapershop.com/product/5006931-schumacher-wallpaper-zebra-palm
5005650,Schumacher Wallpaper,https://www.mahoneswallpapershop.com/product/5005650-schumacher-wallpaper-chevron-texture
5007461,Schumacher Wallpaper,https://www.mahoneswallpapershop.com/product/5007461-waves-black-white-schumacher-wallpaper
5004081,Schumacher Wallpaper,https://www.mahoneswallpapershop.com/product/5004081-schumacher-wallpaper-oiseaux-et-fleurs
5001060,Schumacher Wallpaper,https://www.mahoneswallpapershop.com/product/5001060-schumacher-wallpaper-chiang-mai-dragon
5006071,Schumacher Wallpaper,https://www.mahoneswallpapershop.com/product/5006071-schumacher-wallpaper-feather-bloom
5005103,Schumacher Wallpaper,https://www.mahoneswallpapershop.com/product/5005103-schumacher-wallpaper-shadow-vine
5007973,Schumacher Wallpaper,https://www.mahoneswallpapershop.com/product/5007973-deconstructed-stripe-black-schumacher-wallpaper
5005031,Schumacher Wallpaper,https://www.mahoneswallpapershop.com/product/5005031-schumacher-wallpaper-a-twitter-summer
5007482,Schumacher Wallpaper,https://www.mahoneswallpapershop.com/product/5007482-whirlpool-mercury-schumacher-wallpaper
5006004,Schumacher Wallpaper,https://www.mahoneswallpapershop.com/product/5006004-schumacher-wallpaper-soho-diamond
5003280,Schumacher Wallpaper,https://www.mahoneswallpapershop.com/product/5003280-schumacher-wallpaper-modern-trellis
5007082,Schumacher Wallpaper,https://www.mahoneswallpapershop.com/product/5007082-schumacher-wallpaper-petit-feu
5007540,Schumacher Wallpaper,https://www.mahoneswallpapershop.com/product/5007540-labyrinth-alabaster-schumacher-wallpaper
5004763,Schumacher Wallpaper,https://www.mahoneswallpapershop.com/product/5004763-schumacher-wallpaper-greek-key
5004161,Schumacher Wallpaper,https://www.mahoneswallpapershop.com/product/5004161-schumacher-wallpaper-chinois-fret
5005073,Schumacher Wallpaper,https://www.mahoneswallpapershop.com/product/5005073-schumacher-wallpaper-fern-tree
5004163,Schumacher Wallpaper,https://www.mahoneswallpapershop.com/product/5004163-schumacher-wallpaper-chinois-fret
5007593,Schumacher Wallpaper,https://www.mahoneswallpapershop.com/product/5007593-bark-twilight-schumacher-wallpaper
5007590,Schumacher Wallpaper,https://www.mahoneswallpapershop.com/product/5007590-bark-natural-schumacher-wallpaper
5004741,Schumacher Wallpaper,https://www.mahoneswallpapershop.com/product/5004741-schumacher-wallpaper-ziggurat
5007534,Schumacher Wallpaper,https://www.mahoneswallpapershop.com/product/5007534-abstract-leaf-metallic-slate-schumacher-wallpaper
5007532,Schumacher Wallpaper,https://www.mahoneswallpapershop.com/product/5007532-abstract-leaf-mocha-schumacher-wallpaper
5007530,Schumacher Wallpaper,https://www.mahoneswallpapershop.com/product/5007530-abstract-leaf-linen-schumacher-wallpaper
2703940,Schumacher Wallpaper,https://www.mahoneswallpapershop.com/product/2703940-schumacher-wallpaper-trains
5004191,Schumacher Wallpaper,https://www.mahoneswallpapershop.com/product/5004191-schumacher-wallpaper-emile-cachemire
5004101,Schumacher Wallpaper,https://www.mahoneswallpapershop.com/product/5004101-schumacher-wallpaper-fox-hollow
5003362,Schumacher Wallpaper,https://www.mahoneswallpapershop.com/product/5003362-schumacher-wallpaper-imperial-trellis
5005874,Schumacher Wallpaper,https://www.mahoneswallpapershop.com/product/5005874-schumacher-wallpaper-morocco
5005023,Schumacher Wallpaper,https://www.mahoneswallpapershop.com/product/5005023-schumacher-wallpaper-leaves
5005152,Schumacher Wallpaper,https://www.mahoneswallpapershop.com/product/5005152-schumacher-wallpaper-shantung-silhouette-print
5009711,Schumacher Wallpaper,https://www.mahoneswallpapershop.com/product/5009711-traverse-sky-schumacher-wallpaper
5009180,Schumacher Wallpaper,https://www.mahoneswallpapershop.com/product/5009180-plumes-et-rubans-blue-schumacher-wallpaper
5008151,Schumacher Wallpaper,https://www.mahoneswallpapershop.com/product/5008151-empire-blue-charm-schumacher-wallpaper
5009162,Schumacher Wallpaper,https://www.mahoneswallpapershop.com/product/5009162-drapery-blue-schumacher-wallpaper
5006891,Schumacher Wallpaper,https://www.mahoneswallpapershop.com/product/5006891-schumacher-wallpaper-romeo
5005801,Schumacher Wallpaper,https://www.mahoneswallpapershop.com/product/5005801-schumacher-wallpaper-imperial-trellis-ii
5006960,Schumacher Wallpaper,https://www.mahoneswallpapershop.com/product/5006960-katsugi-schumacher-wallpaper
5005074,Schumacher Wallpaper,https://www.mahoneswallpapershop.com/product/5005074-fern-tree-sky-schumacher-wallpaper
5007010,Schumacher Wallpaper,https://www.mahoneswallpapershop.com/product/5007010-schumacher-wallpaper-iconic-leopard
5005311,Schumacher Wallpaper,https://www.mahoneswallpapershop.com/product/5005311-schumacher-wallpaper-askandra-flower
5004127,Schumacher Wallpaper,https://www.mahoneswallpapershop.com/product/5004127-schumacher-wallpaper-chenonceau
5007533,Schumacher Wallpaper,https://www.mahoneswallpapershop.com/product/5007533-abstract-leaf-navy-schumacher-wallpaper
5006071,Schumacher Wallpaper,https://www.mahoneswallpapershop.com/product/5006071-schumacher-wallpaper-feather-bloom
5004081,Schumacher Wallpaper,https://www.mahoneswallpapershop.com/product/5004081-schumacher-wallpaper-oiseaux-et-fleurs
5001062,Schumacher Wallpaper,https://www.mahoneswallpapershop.com/product/5001062-schumacher-wallpaper-chiang-mai-dragon
5009460,Schumacher Wallpaper,https://www.mahoneswallpapershop.com/product/5009460-giove-emerald-sapphire-schumacher-wallpaper
5007532,Schumacher Wallpaper,https://www.mahoneswallpapershop.com/product/5007532-abstract-leaf-mocha-schumacher-wallpaper
5007590,Schumacher Wallpaper,https://www.mahoneswallpapershop.com/product/5007590-bark-natural-schumacher-wallpaper
5004741,Schumacher Wallpaper,https://www.mahoneswallpapershop.com/product/5004741-schumacher-wallpaper-ziggurat
5007540,Schumacher Wallpaper,https://www.mahoneswallpapershop.com/product/5007540-labyrinth-alabaster-schumacher-wallpaper
5005073,Schumacher Wallpaper,https://www.mahoneswallpapershop.com/product/5005073-schumacher-wallpaper-fern-tree
5007973,Schumacher Wallpaper,https://www.mahoneswallpapershop.com/product/5007973-deconstructed-stripe-black-schumacher-wallpaper
5007461,Schumacher Wallpaper,https://www.mahoneswallpapershop.com/product/5007461-waves-black-white-schumacher-wallpaper
5004161,Schumacher Wallpaper,https://www.mahoneswallpapershop.com/product/5004161-schumacher-wallpaper-chinois-fret
5005103,Schumacher Wallpaper,https://www.mahoneswallpapershop.com/product/5005103-schumacher-wallpaper-shadow-vine
5007082,Schumacher Wallpaper,https://www.mahoneswallpapershop.com/product/5007082-schumacher-wallpaper-petit-feu
5003632,Schumacher Wallpaper,https://www.mahoneswallpapershop.com/product/5003632-schumacher-wallpaper-saraceno-damask
5007722,Schumacher Wallpaper,https://www.mahoneswallpapershop.com/product/5007722-wicker-stripe-lemon-blossom-schumacher-wallpaper
5008012,Schumacher Wallpaper,https://www.mahoneswallpapershop.com/product/5008012-kiosk-straw-schumacher-wallpaper
5004461,Schumacher Wallpaper,https://www.mahoneswallpapershop.com/product/5004461-schumacher-wallpaper-tierni-damask
5004411,Schumacher Wallpaper,https://www.mahoneswallpapershop.com/product/5004411-schumacher-wallpaper-coral-vine
5004144,Schumacher Wallpaper,https://www.mahoneswallpapershop.com/product/5004144-schumacher-wallpaper-harbury-trellis
5007622,Schumacher Wallpaper,https://www.mahoneswallpapershop.com/product/5007622-sky-meadow-yellow-schumacher-wallpaper
5004400,Schumacher Wallpaper,https://www.mahoneswallpapershop.com/product/5004400-schumacher-wallpaper-annabelle-vine
5004430,Schumacher Wallpaper,https://www.mahoneswallpapershop.com/product/5004430-schumacher-wallpaper-wallis-stripe
5009040,Schumacher Wallpaper,https://www.mahoneswallpapershop.com/product/5009040-hana-sisal-yellow-schumacher-wallpaper
5004020,Schumacher Wallpaper,https://www.mahoneswallpapershop.com/product/5004020-schumacher-wallpaper-clearwater
5004351,Schumacher Wallpaper,https://www.mahoneswallpapershop.com/product/5004351-schumacher-wallpaper-palm-damask
5007961,Schumacher Wallpaper,https://www.mahoneswallpapershop.com/product/5007961-tumbling-blocks-citron-schumacher-wallpaper
5006940,Schumacher Wallpaper,https://www.mahoneswallpapershop.com/product/5006940-schumacher-wallpaper-zanzibar-trellis
5003305,Schumacher Wallpaper,https://www.mahoneswallpapershop.com/product/5003305-zimba-citrine-schumacher-wallpaper
5007562,Schumacher Wallpaper,https://www.mahoneswallpapershop.com/product/5007562-featherfest-citron-schumacher-wallpaper
5004126,Schumacher Wallpaper,https://www.mahoneswallpapershop.com/product/5004126-schumacher-wallpaper-chenonceau
5006077,Schumacher Wallpaper,https://www.mahoneswallpapershop.com/product/5006077-feather-bloom-sun-fog-schumacher-wallpaper
5005031,Schumacher Wallpaper,https://www.mahoneswallpapershop.com/product/5005031-schumacher-wallpaper-a-twitter-summer
5005943,Schumacher Wallpaper,https://www.mahoneswallpapershop.com/product/5005943-schumacher-wallpaper-costa-del-sol
5006080,Schumacher Wallpaper,https://www.mahoneswallpapershop.com/product/5006080-schumacher-wallpaper-flame
5004145,Schumacher Wallpaper,https://www.mahoneswallpapershop.com/product/5004145-schumacher-wallpaper-harbury-trellis
203797,Schumacher Wallpaper,https://www.mahoneswallpapershop.com/product/203797-schumacher-wallpaper-newport-stripe
5005083,Schumacher Wallpaper,https://www.mahoneswallpapershop.com/product/5005083-schumacher-wallpaper-ottoman-flower
5004572,Schumacher Wallpaper,https://www.mahoneswallpapershop.com/product/5004572-schumacher-wallpaper-beekman-stripe
5003664,Schumacher Wallpaper,https://www.mahoneswallpapershop.com/product/5003664-schumacher-wallpaper-valette-strie-damask
5004622,Schumacher Wallpaper,https://www.mahoneswallpapershop.com/product/5004622-schumacher-wallpaper-lansdowne-strie-stripe
5006702,Schumacher Wallpaper,https://www.mahoneswallpapershop.com/product/5006702-schumacher-wallpaper-sultans-trellis
5006622,Schumacher Wallpaper,https://www.mahoneswallpapershop.com/product/5006622-schumacher-wallpaper-taj-trellis
5006622,Schumacher Wallpaper,https://www.mahoneswallpapershop.com/product/5006622-schumacher-wallpaper-taj-trellis
5005972,Schumacher Wallpaper,https://www.mahoneswallpapershop.com/product/5005972-schumacher-wallpaper-serallo-mosaic
524314,Schumacher Wallpaper,https://www.mahoneswallpapershop.com/product/524314-schumacher-wallpaper-ningbo-sisal
176481,Schumacher Wallpaper,https://www.mahoneswallpapershop.com/product/176481-montecito-medallion-indigo-schumacher
65620,Schumacher Wallpaper,https://www.mahoneswallpapershop.com/product/65620-soho-weave-raspberry-by-schumacher-fabric
177150,Schumacher Wallpaper,https://www.mahoneswallpapershop.com/product/177150-buds-navy-sky-schumacher
176775,Schumacher Wallpaper,https://www.mahoneswallpapershop.com/product/176775-yangtze-river-peacock-schumacher
72330,Schumacher Wallpaper,https://www.mahoneswallpapershop.com/product/72330-marguerite-embroidery-sky-schumacher
72111,Schumacher Wallpaper,https://www.mahoneswallpapershop.com/product/72111-bricolette-sky-schumacher
73762,Schumacher Wallpaper,https://www.mahoneswallpapershop.com/product/73762-zondaindigo-schumacher
176241,Schumacher Wallpaper,https://www.mahoneswallpapershop.com/product/176241-hugo-floral-indigo-schumacher
176741,Schumacher Wallpaper,https://www.mahoneswallpapershop.com/product/176741-tree-river-blue-schumacher
66011,Schumacher Wallpaper,https://www.mahoneswallpapershop.com/product/66011-schumacher-minzer-cotton-stripe-indigo-fabric
72641,Schumacher Wallpaper,https://www.mahoneswallpapershop.com/product/72641-odisha-ikat-blues-schumacher
71952,Schumacher Wallpaper,https://www.mahoneswallpapershop.com/product/71952-idris-embroidery-blues-schumacher
176870,Schumacher Wallpaper,https://www.mahoneswallpapershop.com/product/176870-design-105-blues-schumacher
71303,Schumacher Wallpaper,https://www.mahoneswallpapershop.com/product/71303-edie-stripe-navy-schumacher
72341,Schumacher Wallpaper,https://www.mahoneswallpapershop.com/product/72341-sakuru-ikat-sky-schumacher
175390,Schumacher Wallpaper,https://www.mahoneswallpapershop.com/product/175390-schumacher-rain-dance-indigo-fabric
175560,Schumacher Wallpaper,https://www.mahoneswallpapershop.com/product/175560-schumacher-huntington-gardens-bleu-marine-fabric
174403,Schumacher Wallpaper,https://www.mahoneswallpapershop.com/product/174403-kandira-blues-schumacher
177380,Schumacher Wallpaper,https://www.mahoneswallpapershop.com/product/177380-rolling-hills-blues-schumacher
69020,Schumacher Wallpaper,https://www.mahoneswallpapershop.com/product/69020-sarong-weave-indigo-by-schumacher-fabric
WOOOD001,Schumacher Wallpaper,https://www.mahoneswallpapershop.com/product/wood001-woodperry-blue-schumacher
173272,Schumacher Wallpaper,https://www.mahoneswallpapershop.com/product/173272-schumacher-chiang-mai-dragon-china-blue-fabric
174452,Schumacher Wallpaper,https://www.mahoneswallpapershop.com/product/174452-schumacher-pyne-hollyhock-print-indigo-fabric
73970,Schumacher Wallpaper,https://www.mahoneswallpapershop.com/product/73970-bixi-velvetsapphire-schumacher
175761,Schumacher Wallpaper,https://www.mahoneswallpapershop.com/product/175761-citrus-garden-pool-by-schumacher-fabric
1106044,Schumacher Wallpaper,https://www.mahoneswallpapershop.com/product/1106044-quail-meadow-peacock-schumacher
176481,Schumacher Wallpaper,https://www.mahoneswallpapershop.com/product/176481-montecito-medallion-indigo-schumacher
177940,Schumacher Wallpaper,https://www.mahoneswallpapershop.com/product/177940-harmony-silver-schumacher-fabric
75690,Schumacher Wallpaper,https://www.mahoneswallpapershop.com/product/75690-binary-embroidery-black-schumacher-fabric
174630,Schumacher Wallpaper,https://www.mahoneswallpapershop.com/product/174630-schumacher-jakarta-linen-print-graphite-fabric
72650,Schumacher Wallpaper,https://www.mahoneswallpapershop.com/product/72650-acadia-greige-schumacher
176043,Schumacher Wallpaper,https://www.mahoneswallpapershop.com/product/176043-tumbling-blocks-black-schumacher-fabric
174543,Schumacher Wallpaper,https://www.mahoneswallpapershop.com/product/174543-sandoway-vine-linen-schumacher
173993,Schumacher Wallpaper,https://www.mahoneswallpapershop.com/product/173993-schumacher-fireworks-frosted-natural-fabric
73222,Schumacher Wallpaper,https://www.mahoneswallpapershop.com/product/73222-ondata-charcoal-schumacher
176480,Schumacher Wallpaper,https://www.mahoneswallpapershop.com/product/176480-montecito-medallion-neutral-schumacher
175051,Schumacher Wallpaper,https://www.mahoneswallpapershop.com/product/175051-schumacher-firenze-blush-conch-fabric
72550,Schumacher Wallpaper,https://www.mahoneswallpapershop.com/product/72550-gibson-ivory-schumacher
72510,Schumacher Wallpaper,https://www.mahoneswallpapershop.com/product/72510-oxnard-ivory-schumacher
72770,Schumacher Wallpaper,https://www.mahoneswallpapershop.com/product/72770-esther-velvet-opal-schumacher
174453,Schumacher Wallpaper,https://www.mahoneswallpapershop.com/product/174453-schumacher-pyne-hollyhock-grisaille-fabric
176175,Schumacher Wallpaper,https://www.mahoneswallpapershop.com/product/176175-woodland-silhouette-steel-schumacher
70830,Schumacher Wallpaper,https://www.mahoneswallpapershop.com/product/70830-mini-leopard-grey-schumacher
68372,Schumacher Wallpaper,https://www.mahoneswallpapershop.com/product/68372-schumacher-key-largo-check-zinc-fabric
68670,Schumacher Wallpaper,https://www.mahoneswallpapershop.com/product/68670-serenissimo-velvet-fog-by-schumacher-fabric
73290,Schumacher Wallpaper,https://www.mahoneswallpapershop.com/product/73290-dune-stripe-black-schumacher
62844,Schumacher Wallpaper,https://www.mahoneswallpapershop.com/product/62844-tortola-oxford-grey-by-schumacher-fabric
175382,Schumacher Wallpaper,https://www.mahoneswallpapershop.com/product/175382-schumacher-andromeda-charcoal-fabric
176250,Schumacher Wallpaper,https://www.mahoneswallpapershop.com/product/176250-full-circle-faded-black-schumacher
65981,Schumacher Wallpaper,https://www.mahoneswallpapershop.com/product/65981-schumacher-wesley-ticking-stripe-ebony-fabric
66772,Schumacher Wallpaper,https://www.mahoneswallpapershop.com/product/66772-bancroft-wool-plaid-fog-by-schumacher-fabric
177721,Schumacher Wallpaper,https://www.mahoneswallpapershop.com/product/177721-fauna-natural-schumacher-fabric
175842,Schumacher Wallpaper,https://www.mahoneswallpapershop.com/product/175842-bora-bora-print-sea-oyster-by-schumacher-fabric
66190,Schumacher Wallpaper,https://www.mahoneswallpapershop.com/product/66190-schumacher-vanderbilt-velvet-dove-fabric
73591,Schumacher Wallpaper,https://www.mahoneswallpapershop.com/product/73591-tulum-black-schumacher
177991,Schumacher Wallpaper,https://www.mahoneswallpapershop.com/product/177991-annabel-warp-print-gold-schumacher-fabric
177952,Schumacher Wallpaper,https://www.mahoneswallpapershop.com/product/177952-traverse-yellow-schumacher-fabric
64908,Schumacher Wallpaper,https://www.mahoneswallpapershop.com/product/64908-schumacher-palermo-mohair-velvet-jonquil-fabric
73072,Schumacher Wallpaper,https://www.mahoneswallpapershop.com/product/73072-limitless-lattice-yellow-schumacher
176871,Schumacher Wallpaper,https://www.mahoneswallpapershop.com/product/176871-design-105-grey-yellow-schumacher
174731,Schumacher Wallpaper,https://www.mahoneswallpapershop.com/product/174731-schumacher-soleil-la-print-driftwood-fabric
174332,Schumacher Wallpaper,https://www.mahoneswallpapershop.com/product/174332-schumacher-pisces-print-driftwood-fabric
70377,Schumacher Wallpaper,https://www.mahoneswallpapershop.com/product/70377-nolita-embroidery-yellow-schumacher
73480,Schumacher Wallpaper,https://www.mahoneswallpapershop.com/product/73480-paley-embroideryyellow-schumacher
68013,Schumacher Wallpaper,https://www.mahoneswallpapershop.com/product/68013-schumacher-key-west-check-sunflower-fabric
174260,Schumacher Wallpaper,https://www.mahoneswallpapershop.com/product/174260-schumacher-zebra-print-bamboo-fabric
177290,Schumacher Wallpaper,https://www.mahoneswallpapershop.com/product/177290-bouquet-chinois-yellow-schumacher
2620934,Schumacher Wallpaper,https://www.mahoneswallpapershop.com/product/2620934-schumacher-katsugi-gold-and-mushroom-fabric
71752,Schumacher Wallpaper,https://www.mahoneswallpapershop.com/product/71752-cabana-stripe-yellow-schumacher
176081,Schumacher Wallpaper,https://www.mahoneswallpapershop.com/product/176081-bukhara-ikat-citrine-and-smoke-schumacher-fabric
176231,Schumacher Wallpaper,https://www.mahoneswallpapershop.com/product/176231-featherfest-citron-schumacher
174270,Schumacher Wallpaper,https://www.mahoneswallpapershop.com/product/174270-schumacher-arches-print-bamboo-fabric
175201,Schumacher Wallpaper,https://www.mahoneswallpapershop.com/product/175201-schumacher-queen-of-spain-daffodil-fabric
177532,Schumacher Wallpaper,https://www.mahoneswallpapershop.com/product/177532-juin-citron-peacock-schumacher
176181,Schumacher Wallpaper,https://www.mahoneswallpapershop.com/product/176181-exotic-butterfly-multi-schumacher
65862,Schumacher Wallpaper,https://www.mahoneswallpapershop.com/product/65862-schumacher-izmir-chenille-red-earth-fabric
67082,Schumacher Wallpaper,https://www.mahoneswallpapershop.com/product/67082-schumacher-bokhara-ikat-weave-persimmon-fabric
62626,Schumacher Wallpaper,https://www.mahoneswallpapershop.com/product/62626-schumacher-cumulus-spark-fabric
68012,Schumacher Wallpaper,https://www.mahoneswallpapershop.com/product/68012-schumacher-key-west-check-persimmon-fabric
303-8245,Schumacher Wallpaper,https://www.mahoneswallpapershop.com/product/303-8245-brisa-cinnabar-by-schumacher-fabric
55595,Schumacher Wallpaper,https://www.mahoneswallpapershop.com/product/55595-schumacher-san-savino-embossed-linen-spice-fabric
2638925,Schumacher Wallpaper,https://www.mahoneswallpapershop.com/product/2638925-schumacher-halstead-sand-fabric
174532,Schumacher Wallpaper,https://www.mahoneswallpapershop.com/product/174532-schumacher-eastbury-manor-print-jewel-fabric
68622,Schumacher Wallpaper,https://www.mahoneswallpapershop.com/product/68622-schumacher-parc-monceau-grenadine-fabric
62333,Schumacher Wallpaper,https://www.mahoneswallpapershop.com/product/62333-schumacher-san-marco-chenille-terracotta-fabric
69772,Schumacher Wallpaper,https://www.mahoneswallpapershop.com/product/69772-antique-strie-velvet-russet-schumacher
42795,Schumacher Wallpaper,https://www.mahoneswallpapershop.com/product/42795-schumacher-gainsborough-velvet-clay-fabric
55721,Schumacher Wallpaper,https://www.mahoneswallpapershop.com/product/55721-schumacher-martine-weave-rosewood-fabric
64782,Schumacher Wallpaper,https://www.mahoneswallpapershop.com/product/64782-schumacher-montebello-stripe-brick-fabric
64831,Schumacher Wallpaper,https://www.mahoneswallpapershop.com/product/64831-schumacher-velours-oriental-brick-fabric
65623,Schumacher Wallpaper,https://www.mahoneswallpapershop.com/product/65623-soho-weave-valencia-by-schumacher-fabric
62321,Schumacher Wallpaper,https://www.mahoneswallpapershop.com/product/62321-schumacher-mayan-texture-pomegranate-fabric
54060,Schumacher Wallpaper,https://www.mahoneswallpapershop.com/product/54060-schumacher-sinclair-chenille-stripe-brick-fabric
69932,Schumacher Wallpaper,https://www.mahoneswallpapershop.com/product/69932-piet-performance-linen-cayenne-schumacher
172930,Schumacher Wallpaper,https://www.mahoneswallpapershop.com/product/172930-lotus-garden-lacquer-by-schumacher-fabric
55690,Schumacher Wallpaper,https://www.mahoneswallpapershop.com/product/55690-schumacher-durance-embroidery-bittersweet-fabric
65701,Schumacher Wallpaper,https://www.mahoneswallpapershop.com/product/65701-metropolitan-velvet-blood-orange-by-schumacher-fabric
62535,Schumacher Wallpaper,https://www.mahoneswallpapershop.com/product/62535-schumacher-hampton-court-diamond-brick-fabric
66963,Schumacher Wallpaper,https://www.mahoneswallpapershop.com/product/66963-schumacher-darjeeling-cotton-ikat-persimmon-fabric
172762,Schumacher Wallpaper,https://www.mahoneswallpapershop.com/product/172762-schumacher-la-menagerie-flame-red-fabric
172762,Schumacher Wallpaper,https://www.mahoneswallpapershop.com/product/172762-schumacher-la-menagerie-flame-red-fabric
173271,Schumacher Wallpaper,https://www.mahoneswallpapershop.com/product/173271-schumacher-chiang-mai-dragon-lacquer-fabric
OK70803,Seabrook Wallpaper Designs,https://www.mahoneswallpapershop.com/product/salerno-seabrook-designs-ok70803
Ok70202,Seabrook Wallpaper Designs,https://www.mahoneswallpapershop.com/product/salerno-seabrook-designs-ok70202
CT0827,York Wallpaper Designs,https://www.mahoneswallpapershop.com/product/ct0827-callaway-cottage-york-wallpaper
YS9193,York Wallpaper Designs,https://www.mahoneswallpapershop.com/product/peek-a-boo-by-york-ys9193-free-shipping-mahones-wallpaper-shop
RB4276,York Wallpaper Designs,https://www.mahoneswallpapershop.com/product/risky-business-by-york-rb4276
