Brand in SCE,Brand in Turn14
AEM,AEM
AEM Induction,AEM Induction
Aeromotive,Aeromotive
aFe,aFe
AIRAID,Airaid
AirDog,AirDog
ARP,ARP
AutoMeter,AutoMeter
Banks Power,Banks Power
BBK,BBK
BD Diesel,BD Diesel
BMR,
BorgWarner,BorgWarner
Borla,Borla
Brian Crower,Brian Crower
Bully Dog,Bully Dog
Centerforce,
Clutch Masters,Clutch Masters
Cometic Gasket,Cometic Gasket
COMP Cams,COMP Cams
Competition Clutch,Competition Clutch
CORSA Performance,CORSA Performance
DeatschWerks,DeatschWerks
DiabloSport,DiabloSport
Driveshaft Shop,Driveshaft Shop
Eagle,Eagle
Edge,Edge
Eibach,Eibach
Energy Suspension,Energy Suspension
Exedy,Exedy
FASS Fuel Systems,FASS Fuel Systems
FAST,FAST
Flex-a-Lite,
Flowmaster,Flowmaster
Fluidampr,Fluidampr
Fox Factory Inc,FOX
Gates,Gates
Goodridge,Goodridge
Hawk Performance,Hawk Performance
HKS,HKS
Holley,
Hotchkis,Hotchkis
Husky Liners,Husky Liners
Hypertech,Hypertech
Injector Dynamics,Injector Dynamics
Injen,Injen
K&N,K&N Engineering
Kooks Headers,Kooks Headers
Kraftwerks,KraftWerks
KW,KW
MADS Electronics,Smarty
MagnaFlow,Magnaflow
Manley Performance,Manley Performance
MBRP,MBRP
McLeod Racing,McLeod Racing
Mishimoto,Mishimoto
Moroso,
Mr Gasket,
MSD,
NGK,NGK
NOS,
QA1,
RaceMe,
ReadyLIFT,ReadyLIFT
Rigid Industries,Rigid Industries
S&B Filters,
SCT Performance,SCT Performance
Sinister Diesel,Sinister Diesel
Snow Performance,Snow Performance
Smittybilt,
South Bend Clutch,South Bend Clutch
StopTech,Stoptech
Takeda,aFe
Turbosmart,Turbosmart
Walbro,Walbro
Weapon R,Weapon R
WeatherTech,WeatherTech
Whiteline,Whiteline
Zex,ZEX
