AAIABrandId,BrandName Turn14
BGPT,aFe
FQLW,Covercraft Custom Car Covers
BBLQ,Covercraft
CLRB,Lloyd Mats
BDQF,CIPA USA
FDLQ,MGP Caliper Covers
DJTM,T-Rex
BFDP,Hella
BDMQ,Bushwacker
BGQD,AMP Research
HCTY,Body Armor 4x4
BKMS,Rugged Ridge
FQCC,Premier Floormats
DSHK,Custom Hood Protector
BCMB,LeBra
FQMC,Pet Pads
FBQC,Canine Covers
FQMN,Cargo Area Liner
FQLX,FlexShade UVR SunShield
FQMM,UVS100 Heat Shield
DHLT,Pro Net
BHNT,Spidy Gear
BCTP,Wolf Ready-Fit Cover
BHVH,Original DashMat
FQMR,VelourMat
FQMB,Ltd Edition
FQMK,SuedeMat
FQML,Ultimat
BBSP,Go Rhino
CLSG,Rampage
FWNF,Auer Automotive
CLRB,Lloyd Mats
HCTY,Body Armor 4x4
BBVR,Husky Liners
BBVR,Husky Liners
BBVR,Husky Liners
BBFF,Auto Ventshade (AVS)
BHPC,Stampede
BFKJ,Lund
FHBL,BOLT
FLWB,RIGID Industries
BHJQ,Pavement Ends
CLRJ,Roll N Lock
BBQZ,Firestone Ride-Rite
CNSQ,DU-HA
BBGL,Bilstein
FDDP,AEM Electronics
BGPC,ACCESS Covers
BGPL,Aeromotive Fuel System
FGWP,Akrapovic
BBFT,B&M
BKJX,BD Diesel
ZUKT,ANZO USA
BJNS,Cometic Gasket Automotive
BKTK,Fox Factory Inc
BBMK,EXEDY OEM
BKMQ,ReadyLift
GMVN,Rugged Off Road
BKVT,RBP Performance
BHWL,EBC Brakes
GPWQ,RADIUM Engineering
HGQB,Seibon Carbon
GMMP,South Bend Clutch
FLDS,Mishimoto
BLGB,Optilux
FMXC,Hella Pagid
FBKN,Brigade
BLGC,Behr Hella Service
BLGD,Behr Thermot-Tronik
BLGF,Pierburg distributed by Hella
BHLP,Prothane
BDXN,Flowmaster
BCCS,Hurst
GSTG,Flowmaster Catalytic Converters
BDHZ,AutoMeter
BDQQ,COMP Cams
DXKP,FAST
DXKN,ZEX
FMTT,Diamond Eye Performance
FLMN,StopTech
BHSR,Vibrant Performance
BHSR,Vibrant Performance
GXTC,Nolathane
FMSM,Whiteline
FHWW,Motul
FQQG,Sinister Diesel
BBXN,Koni
GMKH,Anderson Composites
GCLS,Turbosmart
FBHB,MagnaFlow Exhaust Products
GRLR,Pedders Suspension
BKSJ,MBRP Exhaust
FBKM,CTEK Battery Chargers
GLGS,H&R Special Springs LP
BXLD,Coast To Coast
DVTK,Fluidampr
BJDV,King Engine Bearings
BJCJ,Fidanza Performance
BDVJ,Edelbrock
BFZT,Russell
BDRK,Coverking
BDRK,Coverking
BDRK,Coverking
BDRK,Coverking
BDRK,Coverking
BDRK,Coverking
BDVQ,Energy Suspension
BHCP,Hotchkis Performance
BKQC,Banks Power
BJNS,Cometic Gasket Automotive
BJNS,Cometic Gasket Automotive
BCWD,Clevite
FLHQ,MAHLE
FLHQ,MAHLE
DGJH,Mahle Motorsport
